ligand_norm,receptor_norm,signaling_type_ccv2,signaling_type_lr,ligand_ccv2,receptor_ccv2,ligand_lr,receptor_lr
COL1A1,ITGA1_ITGB1,ECM-Receptor,Cell-Cell Contact,COL1A1,ITGB1_ITGA1,COL1A1,ITGA1_ITGB1
COL1A2,ITGA1_ITGB1,ECM-Receptor,Cell-Cell Contact,COL1A2,ITGB1_ITGA1,COL1A2,ITGA1_ITGB1
COL2A1,ITGA1_ITGB1,ECM-Receptor,Cell-Cell Contact,COL2A1,ITGB1_ITGA1,COL2A1,ITGA1_ITGB1
COL4A1,ITGA1_ITGB1,ECM-Receptor,Cell-Cell Contact,COL4A1,ITGB1_ITGA1,COL4A1,ITGA1_ITGB1
COL4A2,ITGA1_ITGB1,ECM-Receptor,Cell-Cell Contact,COL4A2,ITGB1_ITGA1,COL4A2,ITGA1_ITGB1
COL4A3,ITGA1_ITGB1,ECM-Receptor,Cell-Cell Contact,COL4A3,ITGB1_ITGA1,COL4A3,ITGA1_ITGB1
COL4A4,ITGA1_ITGB1,ECM-Receptor,Cell-Cell Contact,COL4A4,ITGB1_ITGA1,COL4A4,ITGA1_ITGB1
COL4A5,ITGA1_ITGB1,ECM-Receptor,Cell-Cell Contact,COL4A5,ITGB1_ITGA1,COL4A5,ITGA1_ITGB1
COL4A6,ITGA1_ITGB1,ECM-Receptor,Cell-Cell Contact,COL4A6,ITGB1_ITGA1,COL4A6,ITGA1_ITGB1
COL6A1,ITGA1_ITGB1,ECM-Receptor,Cell-Cell Contact,COL6A1,ITGB1_ITGA1,COL6A1,ITGA1_ITGB1
COL6A2,ITGA1_ITGB1,ECM-Receptor,Cell-Cell Contact,COL6A2,ITGB1_ITGA1,COL6A2,ITGA1_ITGB1
COL6A3,ITGA1_ITGB1,ECM-Receptor,Cell-Cell Contact,COL6A3,ITGB1_ITGA1,COL6A3,ITGA1_ITGB1
COL6A5,ITGA1_ITGB1,ECM-Receptor,Cell-Cell Contact,COL6A5,ITGB1_ITGA1,COL6A5,ITGA1_ITGB1
COL6A6,ITGA1_ITGB1,ECM-Receptor,Cell-Cell Contact,COL6A6,ITGB1_ITGA1,COL6A6,ITGA1_ITGB1
COL9A1,ITGA1_ITGB1,ECM-Receptor,Cell-Cell Contact,COL9A1,ITGB1_ITGA1,COL9A1,ITGA1_ITGB1
COL9A2,ITGA1_ITGB1,ECM-Receptor,Cell-Cell Contact,COL9A2,ITGB1_ITGA1,COL9A2,ITGA1_ITGB1
COL9A3,ITGA1_ITGB1,ECM-Receptor,Cell-Cell Contact,COL9A3,ITGB1_ITGA1,COL9A3,ITGA1_ITGB1
COL1A1,ITGA2_ITGB1,ECM-Receptor,Cell-Cell Contact,COL1A1,ITGA2_ITGB1,COL1A1,ITGA2_ITGB1
COL1A2,ITGA2_ITGB1,ECM-Receptor,Cell-Cell Contact,COL1A2,ITGA2_ITGB1,COL1A2,ITGA2_ITGB1
COL2A1,ITGA2_ITGB1,ECM-Receptor,Cell-Cell Contact,COL2A1,ITGA2_ITGB1,COL2A1,ITGA2_ITGB1
COL4A1,ITGA2_ITGB1,ECM-Receptor,Cell-Cell Contact,COL4A1,ITGA2_ITGB1,COL4A1,ITGA2_ITGB1
COL4A2,ITGA2_ITGB1,ECM-Receptor,Cell-Cell Contact,COL4A2,ITGA2_ITGB1,COL4A2,ITGA2_ITGB1
COL4A3,ITGA2_ITGB1,ECM-Receptor,Cell-Cell Contact,COL4A3,ITGA2_ITGB1,COL4A3,ITGA2_ITGB1
COL4A4,ITGA2_ITGB1,ECM-Receptor,Cell-Cell Contact,COL4A4,ITGA2_ITGB1,COL4A4,ITGA2_ITGB1
COL4A5,ITGA2_ITGB1,ECM-Receptor,Cell-Cell Contact,COL4A5,ITGA2_ITGB1,COL4A5,ITGA2_ITGB1
COL4A6,ITGA2_ITGB1,ECM-Receptor,Cell-Cell Contact,COL4A6,ITGA2_ITGB1,COL4A6,ITGA2_ITGB1
COL6A1,ITGA2_ITGB1,ECM-Receptor,Cell-Cell Contact,COL6A1,ITGA2_ITGB1,COL6A1,ITGA2_ITGB1
COL6A2,ITGA2_ITGB1,ECM-Receptor,Cell-Cell Contact,COL6A2,ITGA2_ITGB1,COL6A2,ITGA2_ITGB1
COL6A3,ITGA2_ITGB1,ECM-Receptor,Cell-Cell Contact,COL6A3,ITGA2_ITGB1,COL6A3,ITGA2_ITGB1
COL6A5,ITGA2_ITGB1,ECM-Receptor,Cell-Cell Contact,COL6A5,ITGA2_ITGB1,COL6A5,ITGA2_ITGB1
COL6A6,ITGA2_ITGB1,ECM-Receptor,Cell-Cell Contact,COL6A6,ITGA2_ITGB1,COL6A6,ITGA2_ITGB1
COL9A1,ITGA2_ITGB1,ECM-Receptor,Cell-Cell Contact,COL9A1,ITGA2_ITGB1,COL9A1,ITGA2_ITGB1
COL9A2,ITGA2_ITGB1,ECM-Receptor,Cell-Cell Contact,COL9A2,ITGA2_ITGB1,COL9A2,ITGA2_ITGB1
COL9A3,ITGA2_ITGB1,ECM-Receptor,Cell-Cell Contact,COL9A3,ITGA2_ITGB1,COL9A3,ITGA2_ITGB1
FN1,ITGA3_ITGB1,ECM-Receptor,Cell-Cell Contact,FN1,ITGA3_ITGB1,FN1,ITGA3_ITGB1
FN1,ITGA4_ITGB1,ECM-Receptor,Cell-Cell Contact,FN1,ITGA4_ITGB1,FN1,ITGA4_ITGB1
FN1,ITGA5_ITGB1,ECM-Receptor,Cell-Cell Contact,FN1,ITGA5_ITGB1,FN1,ITGA5_ITGB1
FN1,ITGA8_ITGB1,ECM-Receptor,Cell-Cell Contact,FN1,ITGA8_ITGB1,FN1,ITGA8_ITGB1
LAMC1,ITGA2_ITGB1,ECM-Receptor,Secreted Signaling,LAMC1,ITGA2_ITGB1,LAMC1,ITGA2_ITGB1
LAMA3,ITGA3_ITGB1,ECM-Receptor,Secreted Signaling,LAMA3,ITGA3_ITGB1,LAMA3,ITGA3_ITGB1
THBS1,ITGA3_ITGB1,ECM-Receptor,Secreted Signaling,THBS1,ITGA3_ITGB1,THBS1,ITGA3_ITGB1
LAMC1,ITGA6_ITGB1,ECM-Receptor,Secreted Signaling,LAMC1,ITGA6_ITGB1,LAMC1,ITGA6_ITGB1
LAMC1,ITGA7_ITGB1,ECM-Receptor,Secreted Signaling,LAMC1,ITGA7_ITGB1,LAMC1,ITGA7_ITGB1
TNC,ITGA8_ITGB1,ECM-Receptor,Secreted Signaling,TNC,ITGA8_ITGB1,TNC,ITGA8_ITGB1
TNC,ITGA9_ITGB1,ECM-Receptor,Secreted Signaling,TNC,ITGA9_ITGB1,TNC,ITGA9_ITGB1
COL1A1,ITGA10_ITGB1,ECM-Receptor,Cell-Cell Contact,COL1A1,ITGA10_ITGB1,COL1A1,ITGA10_ITGB1
COL1A2,ITGA10_ITGB1,ECM-Receptor,Cell-Cell Contact,COL1A2,ITGA10_ITGB1,COL1A2,ITGA10_ITGB1
COL2A1,ITGA10_ITGB1,ECM-Receptor,Cell-Cell Contact,COL2A1,ITGA10_ITGB1,COL2A1,ITGA10_ITGB1
COL4A1,ITGA10_ITGB1,ECM-Receptor,Cell-Cell Contact,COL4A1,ITGA10_ITGB1,COL4A1,ITGA10_ITGB1
COL4A2,ITGA10_ITGB1,ECM-Receptor,Cell-Cell Contact,COL4A2,ITGA10_ITGB1,COL4A2,ITGA10_ITGB1
COL4A3,ITGA10_ITGB1,ECM-Receptor,Cell-Cell Contact,COL4A3,ITGA10_ITGB1,COL4A3,ITGA10_ITGB1
COL4A4,ITGA10_ITGB1,ECM-Receptor,Cell-Cell Contact,COL4A4,ITGA10_ITGB1,COL4A4,ITGA10_ITGB1
COL4A5,ITGA10_ITGB1,ECM-Receptor,Cell-Cell Contact,COL4A5,ITGA10_ITGB1,COL4A5,ITGA10_ITGB1
COL4A6,ITGA10_ITGB1,ECM-Receptor,Cell-Cell Contact,COL4A6,ITGA10_ITGB1,COL4A6,ITGA10_ITGB1
COL6A1,ITGA10_ITGB1,ECM-Receptor,Cell-Cell Contact,COL6A1,ITGA10_ITGB1,COL6A1,ITGA10_ITGB1
COL6A2,ITGA10_ITGB1,ECM-Receptor,Cell-Cell Contact,COL6A2,ITGA10_ITGB1,COL6A2,ITGA10_ITGB1
COL6A3,ITGA10_ITGB1,ECM-Receptor,Cell-Cell Contact,COL6A3,ITGA10_ITGB1,COL6A3,ITGA10_ITGB1
COL6A5,ITGA10_ITGB1,ECM-Receptor,Cell-Cell Contact,COL6A5,ITGA10_ITGB1,COL6A5,ITGA10_ITGB1
COL6A6,ITGA10_ITGB1,ECM-Receptor,Cell-Cell Contact,COL6A6,ITGA10_ITGB1,COL6A6,ITGA10_ITGB1
COL9A1,ITGA10_ITGB1,ECM-Receptor,Cell-Cell Contact,COL9A1,ITGA10_ITGB1,COL9A1,ITGA10_ITGB1
COL9A2,ITGA10_ITGB1,ECM-Receptor,Cell-Cell Contact,COL9A2,ITGA10_ITGB1,COL9A2,ITGA10_ITGB1
COL9A3,ITGA10_ITGB1,ECM-Receptor,Cell-Cell Contact,COL9A3,ITGA10_ITGB1,COL9A3,ITGA10_ITGB1
COL1A1,ITGA11_ITGB1,ECM-Receptor,Cell-Cell Contact,COL1A1,ITGB1_ITGA11,COL1A1,ITGA11_ITGB1
COL1A2,ITGA11_ITGB1,ECM-Receptor,Cell-Cell Contact,COL1A2,ITGB1_ITGA11,COL1A2,ITGA11_ITGB1
COL2A1,ITGA11_ITGB1,ECM-Receptor,Cell-Cell Contact,COL2A1,ITGB1_ITGA11,COL2A1,ITGA11_ITGB1
COL4A1,ITGA11_ITGB1,ECM-Receptor,Cell-Cell Contact,COL4A1,ITGB1_ITGA11,COL4A1,ITGA11_ITGB1
COL4A2,ITGA11_ITGB1,ECM-Receptor,Cell-Cell Contact,COL4A2,ITGB1_ITGA11,COL4A2,ITGA11_ITGB1
COL4A3,ITGA11_ITGB1,ECM-Receptor,Cell-Cell Contact,COL4A3,ITGB1_ITGA11,COL4A3,ITGA11_ITGB1
COL4A4,ITGA11_ITGB1,ECM-Receptor,Cell-Cell Contact,COL4A4,ITGB1_ITGA11,COL4A4,ITGA11_ITGB1
COL4A5,ITGA11_ITGB1,ECM-Receptor,Cell-Cell Contact,COL4A5,ITGB1_ITGA11,COL4A5,ITGA11_ITGB1
COL4A6,ITGA11_ITGB1,ECM-Receptor,Cell-Cell Contact,COL4A6,ITGB1_ITGA11,COL4A6,ITGA11_ITGB1
COL6A1,ITGA11_ITGB1,ECM-Receptor,Cell-Cell Contact,COL6A1,ITGB1_ITGA11,COL6A1,ITGA11_ITGB1
COL6A2,ITGA11_ITGB1,ECM-Receptor,Cell-Cell Contact,COL6A2,ITGB1_ITGA11,COL6A2,ITGA11_ITGB1
COL6A3,ITGA11_ITGB1,ECM-Receptor,Cell-Cell Contact,COL6A3,ITGB1_ITGA11,COL6A3,ITGA11_ITGB1
COL6A5,ITGA11_ITGB1,ECM-Receptor,Cell-Cell Contact,COL6A5,ITGB1_ITGA11,COL6A5,ITGA11_ITGB1
COL6A6,ITGA11_ITGB1,ECM-Receptor,Cell-Cell Contact,COL6A6,ITGB1_ITGA11,COL6A6,ITGA11_ITGB1
COL9A1,ITGA11_ITGB1,ECM-Receptor,Cell-Cell Contact,COL9A1,ITGB1_ITGA11,COL9A1,ITGA11_ITGB1
COL9A2,ITGA11_ITGB1,ECM-Receptor,Cell-Cell Contact,COL9A2,ITGB1_ITGA11,COL9A2,ITGA11_ITGB1
COL9A3,ITGA11_ITGB1,ECM-Receptor,Cell-Cell Contact,COL9A3,ITGB1_ITGA11,COL9A3,ITGA11_ITGB1
FN1,ITGAV_ITGB1,ECM-Receptor,Cell-Cell Contact,FN1,ITGAV_ITGB1,FN1,ITGAV_ITGB1
VTN,ITGAV_ITGB1,ECM-Receptor,Secreted Signaling,VTN,ITGAV_ITGB1,VTN,ITGAV_ITGB1
FN1,ITGA4_ITGB7,ECM-Receptor,Cell-Cell Contact,FN1,ITGA4_ITGB7,FN1,ITGA4_ITGB7
FN1,ITGAV_ITGB3,ECM-Receptor,Cell-Cell Contact,FN1,ITGAV_ITGB3,FN1,ITGAV_ITGB3
VTN,ITGAV_ITGB3,ECM-Receptor,Secreted Signaling,VTN,ITGAV_ITGB3,VTN,ITGAV_ITGB3
VWF,ITGAV_ITGB3,ECM-Receptor,Secreted Signaling,VWF,ITGAV_ITGB3,VWF,ITGAV_ITGB3
TNC,ITGAV_ITGB3,ECM-Receptor,Secreted Signaling,TNC,ITGAV_ITGB3,TNC,ITGAV_ITGB3
THBS1,ITGAV_ITGB3,ECM-Receptor,Secreted Signaling,THBS1,ITGAV_ITGB3,THBS1,ITGAV_ITGB3
FN1,ITGA2B_ITGB3,ECM-Receptor,Cell-Cell Contact,FN1,ITGA2B_ITGB3,FN1,ITGA2B_ITGB3
VTN,ITGA2B_ITGB3,ECM-Receptor,Secreted Signaling,VTN,ITGA2B_ITGB3,VTN,ITGA2B_ITGB3
TNC,ITGAV_ITGB6,ECM-Receptor,Secreted Signaling,TNC,ITGAV_ITGB6,TNC,ITGAV_ITGB6
THBS1,CD36,ECM-Receptor,Secreted Signaling,THBS1,CD36,THBS1,CD36
THBS2,CD36,ECM-Receptor,Secreted Signaling,THBS2,CD36,THBS2,CD36
APP,CD74,Cell-Cell Contact,Secreted Signaling,APP,CD74,APP,CD74
CD34,SELP,Cell-Cell Contact,Secreted Signaling,CD34,SELP,CD34,SELP
ENTPD1,ADORA1,Cell-Cell Contact,Secreted Signaling,ENTPD1,ADORA1,ENTPD1,ADORA1
ENTPD1,ADORA2A,Cell-Cell Contact,Secreted Signaling,ENTPD1,ADORA2A,ENTPD1,ADORA2A
ENTPD1,ADORA2B,Cell-Cell Contact,Secreted Signaling,ENTPD1,ADORA2B,ENTPD1,ADORA2B
CD40LG,CD40,Cell-Cell Contact,Secreted Signaling,CD40LG,CD40,CD40LG,CD40
CD48,CD244,Cell-Cell Contact,Secreted Signaling,CD48,CD244,CD48,CD244
CD80,CD28,Cell-Cell Contact,Secreted Signaling,CD80,CD28,CD80,CD28
CD80,CTLA4,Cell-Cell Contact,Secreted Signaling,CD80,CTLA4,CD80,CTLA4
CD86,CD28,Cell-Cell Contact,Secreted Signaling,CD86,CD28,CD86,CD28
CD86,CTLA4,Cell-Cell Contact,Secreted Signaling,CD86,CTLA4,CD86,CTLA4
CD99,PILRA,Cell-Cell Contact,Secreted Signaling,CD99,PILRA,CD99,PILRA
CDH1,KLRG1,Cell-Cell Contact,Secreted Signaling,CDH1,KLRG1,CDH1,KLRG1
CSPG4,ITGA3_ITGB1,Cell-Cell Contact,Secreted Signaling,CSPG4,ITGA3_ITGB1,CSPG4,ITGA3_ITGB1
EPGN,EGFR,Cell-Cell Contact,Secreted Signaling,EPGN,EGFR,EPGN,EGFR
EFNA1,EPHA1,Cell-Cell Contact,Secreted Signaling,EFNA1,EPHA1,EFNA1,EPHA1
EFNA1,EPHA2,Cell-Cell Contact,Secreted Signaling,EFNA1,EPHA2,EFNA1,EPHA2
EFNA1,EPHA3,Cell-Cell Contact,Secreted Signaling,EFNA1,EPHA3,EFNA1,EPHA3
EFNA1,EPHA4,Cell-Cell Contact,Secreted Signaling,EFNA1,EPHA4,EFNA1,EPHA4
EFNA1,EPHA5,Cell-Cell Contact,Secreted Signaling,EFNA1,EPHA5,EFNA1,EPHA5
EFNA1,EPHA7,Cell-Cell Contact,Secreted Signaling,EFNA1,EPHA7,EFNA1,EPHA7
EFNA1,EPHA8,Cell-Cell Contact,Secreted Signaling,EFNA1,EPHA8,EFNA1,EPHA8
EFNA2,EPHA1,Cell-Cell Contact,Secreted Signaling,EFNA2,EPHA1,EFNA2,EPHA1
EFNA2,EPHA2,Cell-Cell Contact,Secreted Signaling,EFNA2,EPHA2,EFNA2,EPHA2
EFNA2,EPHA3,Cell-Cell Contact,Secreted Signaling,EFNA2,EPHA3,EFNA2,EPHA3
EFNA2,EPHA4,Cell-Cell Contact,Secreted Signaling,EFNA2,EPHA4,EFNA2,EPHA4
EFNA2,EPHA5,Cell-Cell Contact,Secreted Signaling,EFNA2,EPHA5,EFNA2,EPHA5
EFNA2,EPHA7,Cell-Cell Contact,Secreted Signaling,EFNA2,EPHA7,EFNA2,EPHA7
EFNA2,EPHA8,Cell-Cell Contact,Secreted Signaling,EFNA2,EPHA8,EFNA2,EPHA8
EFNA3,EPHA1,Cell-Cell Contact,Secreted Signaling,EFNA3,EPHA1,EFNA3,EPHA1
EFNA3,EPHA2,Cell-Cell Contact,Secreted Signaling,EFNA3,EPHA2,EFNA3,EPHA2
EFNA3,EPHA3,Cell-Cell Contact,Secreted Signaling,EFNA3,EPHA3,EFNA3,EPHA3
EFNA3,EPHA4,Cell-Cell Contact,Secreted Signaling,EFNA3,EPHA4,EFNA3,EPHA4
EFNA3,EPHA5,Cell-Cell Contact,Secreted Signaling,EFNA3,EPHA5,EFNA3,EPHA5
EFNA3,EPHA7,Cell-Cell Contact,Secreted Signaling,EFNA3,EPHA7,EFNA3,EPHA7
EFNA3,EPHA8,Cell-Cell Contact,Secreted Signaling,EFNA3,EPHA8,EFNA3,EPHA8
EFNA4,EPHA1,Cell-Cell Contact,Secreted Signaling,EFNA4,EPHA1,EFNA4,EPHA1
EFNA4,EPHA2,Cell-Cell Contact,Secreted Signaling,EFNA4,EPHA2,EFNA4,EPHA2
EFNA4,EPHA3,Cell-Cell Contact,Secreted Signaling,EFNA4,EPHA3,EFNA4,EPHA3
EFNA4,EPHA4,Cell-Cell Contact,Secreted Signaling,EFNA4,EPHA4,EFNA4,EPHA4
EFNA4,EPHA5,Cell-Cell Contact,Secreted Signaling,EFNA4,EPHA5,EFNA4,EPHA5
EFNA4,EPHA7,Cell-Cell Contact,Secreted Signaling,EFNA4,EPHA7,EFNA4,EPHA7
EFNA4,EPHA8,Cell-Cell Contact,Secreted Signaling,EFNA4,EPHA8,EFNA4,EPHA8
EFNA5,EPHA1,Cell-Cell Contact,Secreted Signaling,EFNA5,EPHA1,EFNA5,EPHA1
EFNA5,EPHA2,Cell-Cell Contact,Secreted Signaling,EFNA5,EPHA2,EFNA5,EPHA2
EFNA5,EPHA3,Cell-Cell Contact,Secreted Signaling,EFNA5,EPHA3,EFNA5,EPHA3
EFNA5,EPHA4,Cell-Cell Contact,Secreted Signaling,EFNA5,EPHA4,EFNA5,EPHA4
EFNA5,EPHA5,Cell-Cell Contact,Secreted Signaling,EFNA5,EPHA5,EFNA5,EPHA5
EFNA5,EPHA7,Cell-Cell Contact,Secreted Signaling,EFNA5,EPHA7,EFNA5,EPHA7
EFNA5,EPHA8,Cell-Cell Contact,Secreted Signaling,EFNA5,EPHA8,EFNA5,EPHA8
EFNA5,EPHB2,Cell-Cell Contact,Secreted Signaling,EFNA5,EPHB2,EFNA5,EPHB2
EFNB1,EPHA4,Cell-Cell Contact,Secreted Signaling,EFNB1,EPHA4,EFNB1,EPHA4
EFNB1,EPHB1,Cell-Cell Contact,Secreted Signaling,EFNB1,EPHB1,EFNB1,EPHB1
EFNB1,EPHB2,Cell-Cell Contact,Secreted Signaling,EFNB1,EPHB2,EFNB1,EPHB2
EFNB1,EPHB3,Cell-Cell Contact,Secreted Signaling,EFNB1,EPHB3,EFNB1,EPHB3
EFNB1,EPHB4,Cell-Cell Contact,Secreted Signaling,EFNB1,EPHB4,EFNB1,EPHB4
EFNB2,EPHA4,Cell-Cell Contact,Secreted Signaling,EFNB2,EPHA4,EFNB2,EPHA4
EFNB2,EPHB1,Cell-Cell Contact,Secreted Signaling,EFNB2,EPHB1,EFNB2,EPHB1
EFNB2,EPHB2,Cell-Cell Contact,Secreted Signaling,EFNB2,EPHB2,EFNB2,EPHB2
EFNB2,EPHB3,Cell-Cell Contact,Secreted Signaling,EFNB2,EPHB3,EFNB2,EPHB3
EFNB2,EPHB4,Cell-Cell Contact,Secreted Signaling,EFNB2,EPHB4,EFNB2,EPHB4
EFNB3,EPHA4,Cell-Cell Contact,Secreted Signaling,EFNB3,EPHA4,EFNB3,EPHA4
EFNB3,EPHB1,Cell-Cell Contact,Secreted Signaling,EFNB3,EPHB1,EFNB3,EPHB1
EFNB3,EPHB2,Cell-Cell Contact,Secreted Signaling,EFNB3,EPHB2,EFNB3,EPHB2
EFNB3,EPHB3,Cell-Cell Contact,Secreted Signaling,EFNB3,EPHB3,EFNB3,EPHB3
EFNB3,EPHB4,Cell-Cell Contact,Secreted Signaling,EFNB3,EPHB4,EFNB3,EPHB4
EFNB3,EPHB6,Cell-Cell Contact,Secreted Signaling,EFNB3,EPHB6,EFNB3,EPHB6
GP1BA,ITGAM_ITGB2,Cell-Cell Contact,Secreted Signaling,GP1BA,ITGAM_ITGB2,GP1BA,ITGAM_ITGB2
ICAM1,ITGAX_ITGB2,Cell-Cell Contact,Secreted Signaling,ICAM1,ITGAX_ITGB2,ICAM1,ITGAX_ITGB2
ICAM1,ITGAL_ITGB2,Cell-Cell Contact,Secreted Signaling,ICAM1,ITGAL_ITGB2,ICAM1,ITGAL_ITGB2
ICAM2,ITGAL_ITGB2,Cell-Cell Contact,Secreted Signaling,ICAM2,ITGAL_ITGB2,ICAM2,ITGAL_ITGB2
ICAM1,ITGAM_ITGB2,Cell-Cell Contact,Secreted Signaling,ICAM1,ITGAM_ITGB2,ICAM1,ITGAM_ITGB2
ICAM1,ITGAL,Cell-Cell Contact,Secreted Signaling,ICAM1,ITGAL,ICAM1,ITGAL
ICOSLG,ICOS,Cell-Cell Contact,Secreted Signaling,ICOSLG,ICOS,ICOSLG,ICOS
F11R,ITGAL_ITGB2,Cell-Cell Contact,Secreted Signaling,F11R,ITGAL_ITGB2,F11R,ITGAL_ITGB2
L1CAM,ITGAV_ITGB3,Cell-Cell Contact,Secreted Signaling,L1CAM,ITGAV_ITGB3,L1CAM,ITGAV_ITGB3
HLA-C,KIR2DL1,Cell-Cell Contact,Secreted Signaling,HLA-C,KIR2DL1,HLA-C,KIR2DL1
HLA-C,KIR2DL3,Cell-Cell Contact,Secreted Signaling,HLA-C,KIR2DL3,HLA-C,KIR2DL3
HLA-G,LILRB1,Cell-Cell Contact,Secreted Signaling,HLA-G,LILRB1,HLA-G,LILRB1
HLA-G,LILRB2,Cell-Cell Contact,Secreted Signaling,HLA-G,LILRB2,HLA-G,LILRB2
HLA-F,KIR3DL1,Cell-Cell Contact,Secreted Signaling,HLA-F,KIR3DL1,HLA-F,KIR3DL1
HLA-F,KIR3DL2,Cell-Cell Contact,Secreted Signaling,HLA-F,KIR3DL2,HLA-F,KIR3DL2
HLA-B,KIR3DL2,Cell-Cell Contact,Secreted Signaling,HLA-B,KIR3DL2,HLA-B,KIR3DL2
HLA-E,KLRC1,Cell-Cell Contact,Secreted Signaling,HLA-E,KLRC1,HLA-E,KLRC1
HLA-E,KLRC2,Cell-Cell Contact,Secreted Signaling,HLA-E,KLRC2,HLA-E,KLRC2
HLA-A,KIR3DL1,Cell-Cell Contact,Secreted Signaling,HLA-A,KIR3DL1,HLA-A,KIR3DL1
HLA-F,LILRB1,Cell-Cell Contact,Secreted Signaling,HLA-F,LILRB1,HLA-F,LILRB1
HLA-E,KLRK1,Cell-Cell Contact,Secreted Signaling,HLA-E,KLRK1,HLA-E,KLRK1
HLA-F,KIR3DS1,Cell-Cell Contact,Secreted Signaling,HLA-F,KIR3DS1,HLA-F,KIR3DS1
HLA-E,KLRC1_KLRD1,Cell-Cell Contact,Secreted Signaling,HLA-E,KLRC1_KLRD1,HLA-E,KLRC1_KLRD1
HLA-E,KLRC2_KLRD1,Cell-Cell Contact,Secreted Signaling,HLA-E,KLRC2_KLRD1,HLA-E,KLRC2_KLRD1
HLA-E,KLRC3_KLRD1,Cell-Cell Contact,Secreted Signaling,HLA-E,KLRC3_KLRD1,HLA-E,KLRC3_KLRD1
NCAM1,FGFR1,Cell-Cell Contact,Secreted Signaling,NCAM1,FGFR1,NCAM1,FGFR1
NECTIN3,PVR,Cell-Cell Contact,Secreted Signaling,NECTIN3,PVR,NECTIN3,PVR
NECTIN3,TIGIT,Cell-Cell Contact,Secreted Signaling,NECTIN3,TIGIT,NECTIN3,TIGIT
NECTIN2,TIGIT,Cell-Cell Contact,Secreted Signaling,NECTIN2,TIGIT,NECTIN2,TIGIT
LRRC4B,PTPRF,Cell-Cell Contact,Secreted Signaling,LRRC4B,PTPRF,LRRC4B,PTPRF
DLK1,NOTCH1,Cell-Cell Contact,Secreted Signaling,DLK1,NOTCH1,DLK1,NOTCH1
DLK1,NOTCH2,Cell-Cell Contact,Secreted Signaling,DLK1,NOTCH2,DLK1,NOTCH2
DLK1,NOTCH3,Cell-Cell Contact,Secreted Signaling,DLK1,NOTCH3,DLK1,NOTCH3
DLK1,NOTCH4,Cell-Cell Contact,Secreted Signaling,DLK1,NOTCH4,DLK1,NOTCH4
DLL1,NOTCH1,Cell-Cell Contact,Secreted Signaling,DLL1,NOTCH1,DLL1,NOTCH1
DLL1,NOTCH3,Cell-Cell Contact,Secreted Signaling,DLL1,NOTCH3,DLL1,NOTCH3
DLL1,NOTCH4,Cell-Cell Contact,Secreted Signaling,DLL1,NOTCH4,DLL1,NOTCH4
DLL3,NOTCH1,Cell-Cell Contact,Secreted Signaling,DLL3,NOTCH1,DLL3,NOTCH1
DLL3,NOTCH2,Cell-Cell Contact,Secreted Signaling,DLL3,NOTCH2,DLL3,NOTCH2
DLL3,NOTCH3,Cell-Cell Contact,Secreted Signaling,DLL3,NOTCH3,DLL3,NOTCH3
DLL3,NOTCH4,Cell-Cell Contact,Secreted Signaling,DLL3,NOTCH4,DLL3,NOTCH4
DLL4,NOTCH1,Cell-Cell Contact,Secreted Signaling,DLL4,NOTCH1,DLL4,NOTCH1
DLL4,NOTCH2,Cell-Cell Contact,Secreted Signaling,DLL4,NOTCH2,DLL4,NOTCH2
DLL4,NOTCH3,Cell-Cell Contact,Secreted Signaling,DLL4,NOTCH3,DLL4,NOTCH3
DLL4,NOTCH4,Cell-Cell Contact,Secreted Signaling,DLL4,NOTCH4,DLL4,NOTCH4
JAG1,NOTCH1,Cell-Cell Contact,Secreted Signaling,JAG1,NOTCH1,JAG1,NOTCH1
JAG1,NOTCH2,Cell-Cell Contact,Secreted Signaling,JAG1,NOTCH2,JAG1,NOTCH2
JAG1,NOTCH3,Cell-Cell Contact,Secreted Signaling,JAG1,NOTCH3,JAG1,NOTCH3
JAG1,NOTCH4,Cell-Cell Contact,Secreted Signaling,JAG1,NOTCH4,JAG1,NOTCH4
JAG2,NOTCH1,Cell-Cell Contact,Secreted Signaling,JAG2,NOTCH1,JAG2,NOTCH1
JAG2,NOTCH2,Cell-Cell Contact,Secreted Signaling,JAG2,NOTCH2,JAG2,NOTCH2
JAG2,NOTCH3,Cell-Cell Contact,Secreted Signaling,JAG2,NOTCH3,JAG2,NOTCH3
JAG2,NOTCH4,Cell-Cell Contact,Secreted Signaling,JAG2,NOTCH4,JAG2,NOTCH4
DLL1,NOTCH2,Cell-Cell Contact,Secreted Signaling,DLL1,NOTCH2,DLL1,NOTCH2
CD274,PDCD1,Cell-Cell Contact,Secreted Signaling,CD274,PDCD1,CD274,PDCD1
PDCD1LG2,PDCD1,Cell-Cell Contact,Secreted Signaling,PDCD1LG2,PDCD1,PDCD1LG2,PDCD1
PVR,CD226,Cell-Cell Contact,Secreted Signaling,PVR,CD226,PVR,CD226
PVR,TIGIT,Cell-Cell Contact,Secreted Signaling,PVR,TIGIT,PVR,TIGIT
SELE,GLG1,Cell-Cell Contact,Secreted Signaling,SELE,GLG1,SELE,GLG1
SELPLG,SELE,Cell-Cell Contact,Secreted Signaling,SELPLG,SELE,SELPLG,SELE
SELPLG,SELL,Cell-Cell Contact,Secreted Signaling,SELPLG,SELL,SELPLG,SELL
SELPLG,SELP,Cell-Cell Contact,Secreted Signaling,SELPLG,SELP,SELPLG,SELP
SEMA4D,PLXNB1,Cell-Cell Contact,Secreted Signaling,SEMA4D,PLXNB1,SEMA4D,PLXNB1
SEMA4D,PLXNB2,Cell-Cell Contact,Secreted Signaling,SEMA4D,PLXNB2,SEMA4D,PLXNB2
SEMA4D,PLXNB3,Cell-Cell Contact,Secreted Signaling,SEMA4D,PLXNB3,SEMA4D,PLXNB3
SEMA4C,PLXNB2,Cell-Cell Contact,Secreted Signaling,SEMA4C,PLXNB2,SEMA4C,PLXNB2
SEMA4G,PLXNB2,Cell-Cell Contact,Secreted Signaling,SEMA4G,PLXNB2,SEMA4G,PLXNB2
SEMA4D,CD72,Cell-Cell Contact,Secreted Signaling,SEMA4D,CD72,SEMA4D,CD72
SEMA5A,PLXNB3,Cell-Cell Contact,Secreted Signaling,SEMA5A,PLXNB3,SEMA5A,PLXNB3
SEMA6D,KDR_PLXNA1,Cell-Cell Contact,Secreted Signaling,SEMA6D,KDR_PLXNA1,SEMA6D,KDR_PLXNA1
SEMA6D,PLXNA1_TREM2_TYROBP,Cell-Cell Contact,Secreted Signaling,SEMA6D,TREM2_TYROBP_PLXNA1,SEMA6D,PLXNA1_TREM2_TYROBP
SEMA7A,ITGA1_ITGB1,Cell-Cell Contact,Secreted Signaling,SEMA7A,ITGB1_ITGA1,SEMA7A,ITGA1_ITGB1
SEMA7A,PLXNC1,Cell-Cell Contact,Secreted Signaling,SEMA7A,PLXNC1,SEMA7A,PLXNC1
SDC1,ADGRA2,Cell-Cell Contact,Secreted Signaling,SDC1,ADGRA2,SDC1,ADGRA2
SDC2,ADGRA2,Cell-Cell Contact,Secreted Signaling,SDC2,ADGRA2,SDC2,ADGRA2
TAX1BP3,ADGRB1,Cell-Cell Contact,Secreted Signaling,TAX1BP3,ADGRB1,TAX1BP3,ADGRB1
RTN4R,ADGRB1,Cell-Cell Contact,Secreted Signaling,RTN4R,ADGRB1,RTN4R,ADGRB1
TAX1BP3,ADGRB2,Cell-Cell Contact,Secreted Signaling,TAX1BP3,ADGRB2,TAX1BP3,ADGRB2
C1QL1,ADGRB3,Cell-Cell Contact,Secreted Signaling,C1QL1,ADGRB3,C1QL1,ADGRB3
C1QL2,ADGRB3,Cell-Cell Contact,Secreted Signaling,C1QL2,ADGRB3,C1QL2,ADGRB3
C1QL3,ADGRB3,Cell-Cell Contact,Secreted Signaling,C1QL3,ADGRB3,C1QL3,ADGRB3
C1QL4,ADGRB3,Cell-Cell Contact,Secreted Signaling,C1QL4,ADGRB3,C1QL4,ADGRB3
CD55,ADGRE5,Cell-Cell Contact,Secreted Signaling,CD55,ADGRE5,CD55,ADGRE5
SFTPD,ADGRE5,Cell-Cell Contact,Secreted Signaling,SFTPD,ADGRE5,SFTPD,ADGRE5
GAST,ADGRG1,Cell-Cell Contact,Secreted Signaling,GAST,ADGRG1,GAST,ADGRG1
TGM2,ADGRG1,Cell-Cell Contact,Secreted Signaling,TGM2,ADGRG1,TGM2,ADGRG1
LAMA2,ADGRG6,Cell-Cell Contact,Secreted Signaling,LAMA2,ADGRG6,LAMA2,ADGRG6
PRNP,ADGRG6,Cell-Cell Contact,Secreted Signaling,PRNP,ADGRG6,PRNP,ADGRG6
FLRT1,ADGRL1,Cell-Cell Contact,Secreted Signaling,FLRT1,ADGRL1,FLRT1,ADGRL1
FLRT2,ADGRL1,Cell-Cell Contact,Secreted Signaling,FLRT2,ADGRL1,FLRT2,ADGRL1
TENM1,ADGRL1,Cell-Cell Contact,Secreted Signaling,TENM1,ADGRL1,TENM1,ADGRL1
TENM2,ADGRL1,Cell-Cell Contact,Secreted Signaling,TENM2,ADGRL1,TENM2,ADGRL1
TENM3,ADGRL1,Cell-Cell Contact,Secreted Signaling,TENM3,ADGRL1,TENM3,ADGRL1
TENM4,ADGRL1,Cell-Cell Contact,Secreted Signaling,TENM4,ADGRL1,TENM4,ADGRL1
FLRT3,ADGRL2,Cell-Cell Contact,Secreted Signaling,FLRT3,ADGRL2,FLRT3,ADGRL2
TENM1,ADGRL2,Cell-Cell Contact,Secreted Signaling,TENM1,ADGRL2,TENM1,ADGRL2
TENM2,ADGRL2,Cell-Cell Contact,Secreted Signaling,TENM2,ADGRL2,TENM2,ADGRL2
TENM3,ADGRL2,Cell-Cell Contact,Secreted Signaling,TENM3,ADGRL2,TENM3,ADGRL2
TENM4,ADGRL2,Cell-Cell Contact,Secreted Signaling,TENM4,ADGRL2,TENM4,ADGRL2
FLRT1,ADGRL3,Cell-Cell Contact,Secreted Signaling,FLRT1,ADGRL3,FLRT1,ADGRL3
FLRT2,ADGRL3,Cell-Cell Contact,Secreted Signaling,FLRT2,ADGRL3,FLRT2,ADGRL3
FLRT3,ADGRL3,Cell-Cell Contact,Secreted Signaling,FLRT3,ADGRL3,FLRT3,ADGRL3
TENM1,ADGRL3,Cell-Cell Contact,Secreted Signaling,TENM1,ADGRL3,TENM1,ADGRL3
TENM2,ADGRL3,Cell-Cell Contact,Secreted Signaling,TENM2,ADGRL3,TENM2,ADGRL3
TENM3,ADGRL3,Cell-Cell Contact,Secreted Signaling,TENM3,ADGRL3,TENM3,ADGRL3
TENM4,ADGRL3,Cell-Cell Contact,Secreted Signaling,TENM4,ADGRL3,TENM4,ADGRL3
DPEP1,CYSLTR1,Non-protein Signaling,Secreted Signaling,DPEP1,CYSLTR1,DPEP1,CYSLTR1
DPEP2,CYSLTR1,Non-protein Signaling,Secreted Signaling,DPEP2,CYSLTR1,DPEP2,CYSLTR1
DPEP3,CYSLTR1,Non-protein Signaling,Secreted Signaling,DPEP3,CYSLTR1,DPEP3,CYSLTR1
DPEP1,CYSLTR2,Non-protein Signaling,Secreted Signaling,DPEP1,CYSLTR2,DPEP1,CYSLTR2
DPEP2,CYSLTR2,Non-protein Signaling,Secreted Signaling,DPEP2,CYSLTR2,DPEP2,CYSLTR2
DPEP3,CYSLTR2,Non-protein Signaling,Secreted Signaling,DPEP3,CYSLTR2,DPEP3,CYSLTR2
ALOX12,FPR2,Non-protein Signaling,Secreted Signaling,ALOX12,FPR2,ALOX12,FPR2
HDC,HRH1,Non-protein Signaling,Secreted Signaling,HDC,HRH1,HDC,HRH1
HDC,HRH2,Non-protein Signaling,Secreted Signaling,HDC,HRH2,HDC,HRH2
HDC,HRH3,Non-protein Signaling,Secreted Signaling,HDC,HRH3,HDC,HRH3
HDC,HRH4,Non-protein Signaling,Secreted Signaling,HDC,HRH4,HDC,HRH4
LRFN4,PTPRD,Cell-Cell Contact,Secreted Signaling,LRFN4,PTPRD,LRFN4,PTPRD
LRFN4,PTPRF,Cell-Cell Contact,Secreted Signaling,LRFN4,PTPRF,LRFN4,PTPRF
LRFN4,PTPRS,Cell-Cell Contact,Secreted Signaling,LRFN4,PTPRS,LRFN4,PTPRS
LRFN5,PTPRD,Cell-Cell Contact,Secreted Signaling,LRFN5,PTPRD,LRFN5,PTPRD
LRFN5,PTPRF,Cell-Cell Contact,Secreted Signaling,LRFN5,PTPRF,LRFN5,PTPRF
LRFN5,PTPRS,Cell-Cell Contact,Secreted Signaling,LRFN5,PTPRS,LRFN5,PTPRS
LRRC4B,PTPRD,Cell-Cell Contact,Secreted Signaling,LRRC4B,PTPRD,LRRC4B,PTPRD
LRRC4B,PTPRS,Cell-Cell Contact,Secreted Signaling,LRRC4B,PTPRS,LRRC4B,PTPRS
LRRC4C,PTPRF,Cell-Cell Contact,Secreted Signaling,LRRC4C,PTPRF,LRRC4C,PTPRF
LTA4H,LTB4R,Non-protein Signaling,Secreted Signaling,LTA4H,LTB4R,LTA4H,LTB4R
LTA4H,LTB4R2,Non-protein Signaling,Secreted Signaling,LTA4H,LTB4R2,LTA4H,LTB4R2
PTPRS,NTRK3,Secreted Signaling,Cell-Cell Contact,PTPRS,NTRK3,PTPRS,NTRK3
POMC,OPRD1,Non-protein Signaling,Secreted Signaling,POMC,OPRD1,POMC,OPRD1
POMC,OPRM1,Non-protein Signaling,Secreted Signaling,POMC,OPRM1,POMC,OPRM1
POMC,OPRK1,Non-protein Signaling,Secreted Signaling,POMC,OPRK1,POMC,OPRK1
PNOC,OPRL1,Non-protein Signaling,Secreted Signaling,PNOC,OPRL1,PNOC,OPRL1
PTGDS,PTGDR,Non-protein Signaling,Secreted Signaling,PTGDS,PTGDR,PTGDS,PTGDR
PTGDS,PTGDR2,Non-protein Signaling,Secreted Signaling,PTGDS,PTGDR2,PTGDS,PTGDR2
PTGES,PTGER1,Non-protein Signaling,Secreted Signaling,PTGES,PTGER1,PTGES,PTGER1
PTGES2,PTGER1,Non-protein Signaling,Secreted Signaling,PTGES2,PTGER1,PTGES2,PTGER1
PTGES3,PTGER1,Non-protein Signaling,Secreted Signaling,PTGES3,PTGER1,PTGES3,PTGER1
PTGES,PTGER2,Non-protein Signaling,Secreted Signaling,PTGES,PTGER2,PTGES,PTGER2
PTGES2,PTGER2,Non-protein Signaling,Secreted Signaling,PTGES2,PTGER2,PTGES2,PTGER2
PTGES3,PTGER2,Non-protein Signaling,Secreted Signaling,PTGES3,PTGER2,PTGES3,PTGER2
PTGES,PTGER3,Non-protein Signaling,Secreted Signaling,PTGES,PTGER3,PTGES,PTGER3
PTGES2,PTGER3,Non-protein Signaling,Secreted Signaling,PTGES2,PTGER3,PTGES2,PTGER3
PTGES3,PTGER3,Non-protein Signaling,Secreted Signaling,PTGES3,PTGER3,PTGES3,PTGER3
PTGES,PTGER4,Non-protein Signaling,Secreted Signaling,PTGES,PTGER4,PTGES,PTGER4
PTGES2,PTGER4,Non-protein Signaling,Secreted Signaling,PTGES2,PTGER4,PTGES2,PTGER4
PTGES3,PTGER4,Non-protein Signaling,Secreted Signaling,PTGES3,PTGER4,PTGES3,PTGER4
AKR1C3,PTGFR,Non-protein Signaling,Secreted Signaling,AKR1C3,PTGFR,AKR1C3,PTGFR
CBR1,PTGFR,Non-protein Signaling,Secreted Signaling,CBR1,PTGFR,CBR1,PTGFR
PRXL2B,PTGFR,Non-protein Signaling,Secreted Signaling,PRXL2B,PTGFR,PRXL2B,PTGFR
PTGIS,PTGIR,Non-protein Signaling,Secreted Signaling,PTGIS,PTGIR,PTGIS,PTGIR
TBXAS1,TBXA2R,Non-protein Signaling,Secreted Signaling,TBXAS1,TBXA2R,TBXAS1,TBXA2R
PTGR1,LTB4R,Non-protein Signaling,Secreted Signaling,PTGR1,LTB4R,PTGR1,LTB4R
PTGR1,LTB4R2,Non-protein Signaling,Secreted Signaling,PTGR1,LTB4R2,PTGR1,LTB4R2
CYP11A1,NR1H4,Non-protein Signaling,Secreted Signaling,CYP11A1,NR1H4,CYP11A1,NR1H4
CYP3A4,NR1H4,Non-protein Signaling,Secreted Signaling,CYP3A4,NR1H4,CYP3A4,NR1H4
DAGLA,CNR1,Non-protein Signaling,Secreted Signaling,DAGLA,CNR1,DAGLA,CNR1
DAGLA,CNR2,Non-protein Signaling,Secreted Signaling,DAGLA,CNR2,DAGLA,CNR2
DAGLA,GPR55,Non-protein Signaling,Secreted Signaling,DAGLA,GPR55,DAGLA,GPR55
DAGLB,CNR1,Non-protein Signaling,Secreted Signaling,DAGLB,CNR1,DAGLB,CNR1
DAGLB,CNR2,Non-protein Signaling,Secreted Signaling,DAGLB,CNR2,DAGLB,CNR2
DAGLB,GPR55,Non-protein Signaling,Secreted Signaling,DAGLB,GPR55,DAGLB,GPR55
DHRS9,PGR,Non-protein Signaling,Secreted Signaling,DHRS9,PGR,DHRS9,PGR
APP,SORL1,Cell-Cell Contact,Secreted Signaling,APP,SORL1,APP,SORL1
APP,TNFRSF21,Cell-Cell Contact,Secreted Signaling,APP,TNFRSF21,APP,TNFRSF21
APP,TREM2_TYROBP,Cell-Cell Contact,Secreted Signaling,APP,TREM2_TYROBP,APP,TREM2_TYROBP
CYP11B2,NR3C1,Non-protein Signaling,Secreted Signaling,CYP11B2,NR3C1,CYP11B2,NR3C1
CYP11B2,NR3C2,Non-protein Signaling,Secreted Signaling,CYP11B2,NR3C2,CYP11B2,NR3C2
CYP17A1,AR,Non-protein Signaling,Secreted Signaling,CYP17A1,AR,CYP17A1,AR
HSD17B6,NR1H4,Non-protein Signaling,Secreted Signaling,HSD17B6,NR1H4,HSD17B6,NR1H4
APOA1,ABCA1,Cell-Cell Contact,Secreted Signaling,APOA1,ABCA1,APOA1,ABCA1
APOA1,AMN_CUBN,Cell-Cell Contact,Secreted Signaling,APOA1,AMN_CUBN,APOA1,AMN_CUBN
APOA1,TREM2_TYROBP,Cell-Cell Contact,Secreted Signaling,APOA1,TREM2_TYROBP,APOA1,TREM2_TYROBP
APOA2,TREM2_TYROBP,Cell-Cell Contact,Secreted Signaling,APOA2,TREM2_TYROBP,APOA2,TREM2_TYROBP
APOB,APOBR,Cell-Cell Contact,Secreted Signaling,APOB,APOBR,APOB,APOBR
APOB,TREM2_TYROBP,Cell-Cell Contact,Secreted Signaling,APOB,TREM2_TYROBP,APOB,TREM2_TYROBP
APOE,TREM2_TYROBP,Cell-Cell Contact,Secreted Signaling,APOE,TREM2_TYROBP,APOE,TREM2_TYROBP
ALDH1A1,CRABP2_RARA,Non-protein Signaling,Secreted Signaling,ALDH1A1,CRABP2_RARA,ALDH1A1,CRABP2_RARA
ALDH1A1,CRABP2_RARA_RXRA,Non-protein Signaling,Secreted Signaling,ALDH1A1,CRABP2_RXRA_RARA,ALDH1A1,CRABP2_RARA_RXRA
ALDH1A1,CRABP2_RARB,Non-protein Signaling,Secreted Signaling,ALDH1A1,RARB_CRABP2,ALDH1A1,CRABP2_RARB
ALDH1A1,CRABP2_RARB_RXRB,Non-protein Signaling,Secreted Signaling,ALDH1A1,RARB_CRABP2_RXRB,ALDH1A1,CRABP2_RARB_RXRB
ALDH1A1,CRABP2_RARG,Non-protein Signaling,Secreted Signaling,ALDH1A1,RARG_CRABP2,ALDH1A1,CRABP2_RARG
ALDH1A1,CRABP2_RARG_RXRG,Non-protein Signaling,Secreted Signaling,ALDH1A1,RARG_CRABP2_RXRG,ALDH1A1,CRABP2_RARG_RXRG
ALDH1A1,CRABP2_RXRA,Non-protein Signaling,Secreted Signaling,ALDH1A1,CRABP2_RXRA,ALDH1A1,CRABP2_RXRA
ALDH1A1,CRABP2_RXRB,Non-protein Signaling,Secreted Signaling,ALDH1A1,CRABP2_RXRB,ALDH1A1,CRABP2_RXRB
ALDH1A1,CRABP2_RXRG,Non-protein Signaling,Secreted Signaling,ALDH1A1,CRABP2_RXRG,ALDH1A1,CRABP2_RXRG
ALDH1A1,RORB,Non-protein Signaling,Secreted Signaling,ALDH1A1,RORB,ALDH1A1,RORB
ALDH1A2,CRABP2_RARA,Non-protein Signaling,Secreted Signaling,ALDH1A2,CRABP2_RARA,ALDH1A2,CRABP2_RARA
ALDH1A2,CRABP2_RARA_RXRA,Non-protein Signaling,Secreted Signaling,ALDH1A2,CRABP2_RXRA_RARA,ALDH1A2,CRABP2_RARA_RXRA
ALDH1A2,CRABP2_RARB,Non-protein Signaling,Secreted Signaling,ALDH1A2,RARB_CRABP2,ALDH1A2,CRABP2_RARB
ALDH1A2,CRABP2_RARB_RXRB,Non-protein Signaling,Secreted Signaling,ALDH1A2,RARB_CRABP2_RXRB,ALDH1A2,CRABP2_RARB_RXRB
ALDH1A2,CRABP2_RARG,Non-protein Signaling,Secreted Signaling,ALDH1A2,RARG_CRABP2,ALDH1A2,CRABP2_RARG
ALDH1A2,CRABP2_RARG_RXRG,Non-protein Signaling,Secreted Signaling,ALDH1A2,RARG_CRABP2_RXRG,ALDH1A2,CRABP2_RARG_RXRG
ALDH1A2,CRABP2_RXRA,Non-protein Signaling,Secreted Signaling,ALDH1A2,CRABP2_RXRA,ALDH1A2,CRABP2_RXRA
ALDH1A2,CRABP2_RXRB,Non-protein Signaling,Secreted Signaling,ALDH1A2,CRABP2_RXRB,ALDH1A2,CRABP2_RXRB
ALDH1A2,CRABP2_RXRG,Non-protein Signaling,Secreted Signaling,ALDH1A2,CRABP2_RXRG,ALDH1A2,CRABP2_RXRG
ALDH1A2,RORB,Non-protein Signaling,Secreted Signaling,ALDH1A2,RORB,ALDH1A2,RORB
ALDH1A3,CRABP2_RARA,Non-protein Signaling,Secreted Signaling,ALDH1A3,CRABP2_RARA,ALDH1A3,CRABP2_RARA
ALDH1A3,CRABP2_RARA_RXRA,Non-protein Signaling,Secreted Signaling,ALDH1A3,CRABP2_RXRA_RARA,ALDH1A3,CRABP2_RARA_RXRA
ALDH1A3,CRABP2_RARB,Non-protein Signaling,Secreted Signaling,ALDH1A3,RARB_CRABP2,ALDH1A3,CRABP2_RARB
ALDH1A3,CRABP2_RARB_RXRB,Non-protein Signaling,Secreted Signaling,ALDH1A3,RARB_CRABP2_RXRB,ALDH1A3,CRABP2_RARB_RXRB
ALDH1A3,CRABP2_RARG,Non-protein Signaling,Secreted Signaling,ALDH1A3,RARG_CRABP2,ALDH1A3,CRABP2_RARG
ALDH1A3,CRABP2_RARG_RXRG,Non-protein Signaling,Secreted Signaling,ALDH1A3,RARG_CRABP2_RXRG,ALDH1A3,CRABP2_RARG_RXRG
ALDH1A3,CRABP2_RXRA,Non-protein Signaling,Secreted Signaling,ALDH1A3,CRABP2_RXRA,ALDH1A3,CRABP2_RXRA
ALDH1A3,CRABP2_RXRB,Non-protein Signaling,Secreted Signaling,ALDH1A3,CRABP2_RXRB,ALDH1A3,CRABP2_RXRB
ALDH1A3,CRABP2_RXRG,Non-protein Signaling,Secreted Signaling,ALDH1A3,CRABP2_RXRG,ALDH1A3,CRABP2_RXRG
ALDH1A3,RORB,Non-protein Signaling,Secreted Signaling,ALDH1A3,RORB,ALDH1A3,RORB
CYP27B1,VDR,Non-protein Signaling,Secreted Signaling,CYP27B1,VDR,CYP27B1,VDR
CD276,TREML2,Cell-Cell Contact,Secreted Signaling,CD276,TREML2,CD276,TREML2
CEL,RORA,Non-protein Signaling,Secreted Signaling,CEL,RORA,CEL,RORA
CEL,RORC,Non-protein Signaling,Secreted Signaling,CEL,RORC,CEL,RORC
DHCR24,RORA,Non-protein Signaling,Secreted Signaling,DHCR24,RORA,DHCR24,RORA
DHCR24,RORC,Non-protein Signaling,Secreted Signaling,DHCR24,RORC,DHCR24,RORC
DHCR7,RORA,Non-protein Signaling,Secreted Signaling,DHCR7,RORA,DHCR7,RORA
DHCR7,RORC,Non-protein Signaling,Secreted Signaling,DHCR7,RORC,DHCR7,RORC
LIPA,RORA,Non-protein Signaling,Secreted Signaling,LIPA,RORA,LIPA,RORA
LIPA,RORC,Non-protein Signaling,Secreted Signaling,LIPA,RORC,LIPA,RORC
CNTN1,NOTCH1,Cell-Cell Contact,Secreted Signaling,CNTN1,NOTCH1,CNTN1,NOTCH1
CNTN1,NOTCH2,Cell-Cell Contact,Secreted Signaling,CNTN1,NOTCH2,CNTN1,NOTCH2
CYP11B1,NR3C1,Non-protein Signaling,Secreted Signaling,CYP11B1,NR3C1,CYP11B1,NR3C1
CYP11B1,NR3C2,Non-protein Signaling,Secreted Signaling,CYP11B1,NR3C2,CYP11B1,NR3C2
UBASH3B,ESR1,Non-protein Signaling,Secreted Signaling,UBASH3B,ESR1,UBASH3B,ESR1
UBASH3B,NR1I2,Non-protein Signaling,Secreted Signaling,UBASH3B,NR1I2,UBASH3B,NR1I2
UBASH3B,PPARA,Non-protein Signaling,Secreted Signaling,UBASH3B,PPARA,UBASH3B,PPARA
DHCR7,NR1H2,Non-protein Signaling,Secreted Signaling,DHCR7,NR1H2,DHCR7,NR1H2
DHCR7,NR1H3,Non-protein Signaling,Secreted Signaling,DHCR7,NR1H3,DHCR7,NR1H3
CYP21A2,NR3C2,Non-protein Signaling,Secreted Signaling,CYP21A2,NR3C2,CYP21A2,NR3C2
SULT1E1,PPARA,Non-protein Signaling,Secreted Signaling,SULT1E1,PPARA,SULT1E1,PPARA
SULT1E1,PPARD,Non-protein Signaling,Secreted Signaling,SULT1E1,PPARD,SULT1E1,PPARD
SULT1E1,PPARG,Non-protein Signaling,Secreted Signaling,SULT1E1,PPARG,SULT1E1,PPARG
SULT2A1,PPARA,Non-protein Signaling,Secreted Signaling,SULT2A1,PPARA,SULT2A1,PPARA
SULT2A1,PPARD,Non-protein Signaling,Secreted Signaling,SULT2A1,PPARD,SULT2A1,PPARD
SULT2A1,PPARG,Non-protein Signaling,Secreted Signaling,SULT2A1,PPARG,SULT2A1,PPARG
SULT1A1,PPARA,Non-protein Signaling,Secreted Signaling,SULT1A1,PPARA,SULT1A1,PPARA
SULT1A1,PPARD,Non-protein Signaling,Secreted Signaling,SULT1A1,PPARD,SULT1A1,PPARD
SULT1A1,PPARG,Non-protein Signaling,Secreted Signaling,SULT1A1,PPARG,SULT1A1,PPARG
SRD5A1,AR,Non-protein Signaling,Secreted Signaling,SRD5A1,AR,SRD5A1,AR
SRD5A2,AR,Non-protein Signaling,Secreted Signaling,SRD5A2,AR,SRD5A2,AR
SRD5A3,AR,Non-protein Signaling,Secreted Signaling,SRD5A3,AR,SRD5A3,AR
CYP19A1,ESR1,Non-protein Signaling,Secreted Signaling,CYP19A1,ESR1,CYP19A1,ESR1
CYP19A1,ESR2,Non-protein Signaling,Secreted Signaling,CYP19A1,ESR2,CYP19A1,ESR2
CYP19A1,GPER1,Non-protein Signaling,Secreted Signaling,CYP19A1,GPER1,CYP19A1,GPER1
CYP19A1,NR1I2,Non-protein Signaling,Secreted Signaling,CYP19A1,NR1I2,CYP19A1,NR1I2
HSD17B1,ESR1,Non-protein Signaling,Secreted Signaling,HSD17B1,ESR1,HSD17B1,ESR1
HSD17B1,ESR2,Non-protein Signaling,Secreted Signaling,HSD17B1,ESR2,HSD17B1,ESR2
HSD17B1,GPER1,Non-protein Signaling,Secreted Signaling,HSD17B1,GPER1,HSD17B1,GPER1
HSD17B1,NR1I2,Non-protein Signaling,Secreted Signaling,HSD17B1,NR1I2,HSD17B1,NR1I2
ASMT,MTNR1A,Non-protein Signaling,Secreted Signaling,ASMT,MTNR1A,ASMT,MTNR1A
ASMT,MTNR1B,Non-protein Signaling,Secreted Signaling,ASMT,MTNR1B,ASMT,MTNR1B
MICA,HCST_KLRK1,Cell-Cell Contact,Secreted Signaling,MICA,KLRK1_HCST,MICA,HCST_KLRK1
MICB,HCST_KLRK1,Cell-Cell Contact,Secreted Signaling,MICB,KLRK1_HCST,MICB,HCST_KLRK1
NTN1,DCC,Cell-Cell Contact,Secreted Signaling,NTN1,DCC,NTN1,DCC
NTN1,DSCAM,Cell-Cell Contact,Secreted Signaling,NTN1,DSCAM,NTN1,DSCAM
NTN1,UNC5A,Cell-Cell Contact,Secreted Signaling,NTN1,UNC5A,NTN1,UNC5A
NTN1,UNC5B,Cell-Cell Contact,Secreted Signaling,NTN1,UNC5B,NTN1,UNC5B
NTN1,UNC5C,Cell-Cell Contact,Secreted Signaling,NTN1,UNC5C,NTN1,UNC5C
NTN4,NTRK2,Cell-Cell Contact,Secreted Signaling,NTN4,NTRK2,NTN4,NTRK2
NTN4,UNC5B,Cell-Cell Contact,Secreted Signaling,NTN4,UNC5B,NTN4,UNC5B
NTN4,UNC5D,Cell-Cell Contact,Secreted Signaling,NTN4,UNC5D,NTN4,UNC5D
CD200,CD200R1,Cell-Cell Contact,Secreted Signaling,CD200,CD200R1,CD200,CD200R1
HSD3B1,CATSPER1_CATSPERB,Non-protein Signaling,Secreted Signaling,HSD3B1,CATSPER1_CATSPERB,HSD3B1,CATSPER1_CATSPERB
HSD3B1,CATSPER1_CATSPERD,Non-protein Signaling,Secreted Signaling,HSD3B1,CATSPER1_CATSPERD,HSD3B1,CATSPER1_CATSPERD
HSD3B1,CATSPER2_CATSPERB,Non-protein Signaling,Secreted Signaling,HSD3B1,CATSPER2_CATSPERB,HSD3B1,CATSPER2_CATSPERB
HSD3B1,CATSPER2_CATSPERD,Non-protein Signaling,Secreted Signaling,HSD3B1,CATSPERD_CATSPER2,HSD3B1,CATSPER2_CATSPERD
HSD3B1,CATSPER3_CATSPERB,Non-protein Signaling,Secreted Signaling,HSD3B1,CATSPER3_CATSPERB,HSD3B1,CATSPER3_CATSPERB
HSD3B1,CATSPER3_CATSPERD,Non-protein Signaling,Secreted Signaling,HSD3B1,CATSPER3_CATSPERD,HSD3B1,CATSPER3_CATSPERD
HSD3B1,CATSPER4_CATSPERB,Non-protein Signaling,Secreted Signaling,HSD3B1,CATSPER4_CATSPERB,HSD3B1,CATSPER4_CATSPERB
HSD3B1,CATSPER4_CATSPERD,Non-protein Signaling,Secreted Signaling,HSD3B1,CATSPER4_CATSPERD,HSD3B1,CATSPER4_CATSPERD
AKR1C3,PTGDR2,Non-protein Signaling,Secreted Signaling,AKR1C3,PTGDR2,AKR1C3,PTGDR2
RELN,LRP8,ECM-Receptor,Secreted Signaling,RELN,LRP8,RELN,LRP8
RELN,VLDLR,ECM-Receptor,Secreted Signaling,RELN,VLDLR,RELN,VLDLR
DDC,HTR1A,Non-protein Signaling,Secreted Signaling,DDC,HTR1A,DDC,HTR1A
DDC,HTR1B,Non-protein Signaling,Secreted Signaling,DDC,HTR1B,DDC,HTR1B
DDC,HTR1D,Non-protein Signaling,Secreted Signaling,DDC,HTR1D,DDC,HTR1D
DDC,HTR1E,Non-protein Signaling,Secreted Signaling,DDC,HTR1E,DDC,HTR1E
DDC,HTR1F,Non-protein Signaling,Secreted Signaling,DDC,HTR1F,DDC,HTR1F
DDC,HTR2A,Non-protein Signaling,Secreted Signaling,DDC,HTR2A,DDC,HTR2A
DDC,HTR2B,Non-protein Signaling,Secreted Signaling,DDC,HTR2B,DDC,HTR2B
DDC,HTR2C,Non-protein Signaling,Secreted Signaling,DDC,HTR2C,DDC,HTR2C
DDC,HTR3A,Non-protein Signaling,Secreted Signaling,DDC,HTR3A,DDC,HTR3A
DDC,HTR3B,Non-protein Signaling,Secreted Signaling,DDC,HTR3B,DDC,HTR3B
DDC,HTR3C,Non-protein Signaling,Secreted Signaling,DDC,HTR3C,DDC,HTR3C
DDC,HTR3D,Non-protein Signaling,Secreted Signaling,DDC,HTR3D,DDC,HTR3D
DDC,HTR3E,Non-protein Signaling,Secreted Signaling,DDC,HTR3E,DDC,HTR3E
DDC,HTR4,Non-protein Signaling,Secreted Signaling,DDC,HTR4,DDC,HTR4
DDC,HTR5A,Non-protein Signaling,Secreted Signaling,DDC,HTR5A,DDC,HTR5A
DDC,HTR6,Non-protein Signaling,Secreted Signaling,DDC,HTR6,DDC,HTR6
DDC,HTR7,Non-protein Signaling,Secreted Signaling,DDC,HTR7,DDC,HTR7
DDC,DRD1,Non-protein Signaling,Secreted Signaling,DDC,DRD1,DDC,DRD1
DDC,DRD2,Non-protein Signaling,Secreted Signaling,DDC,DRD2,DDC,DRD2
DDC,DRD3,Non-protein Signaling,Secreted Signaling,DDC,DRD3,DDC,DRD3
DDC,DRD4,Non-protein Signaling,Secreted Signaling,DDC,DRD4,DDC,DRD4
DDC,DRD5,Non-protein Signaling,Secreted Signaling,DDC,DRD5,DDC,DRD5
AKR1D1,AR,Non-protein Signaling,Secreted Signaling,AKR1D1,AR,AKR1D1,AR
HSD17B12,AR,Non-protein Signaling,Secreted Signaling,HSD17B12,AR,HSD17B12,AR
HSD17B3,AR,Non-protein Signaling,Secreted Signaling,HSD17B3,AR,HSD17B3,AR
VCAM1,ITGAD_ITGB2,Cell-Cell Contact,Secreted Signaling,VCAM1,ITGAD_ITGB2,VCAM1,ITGAD_ITGB2
